platform,community,community_type,eligible_posts,scored_posts,score_file
voat,cringeanarchy,controversial,939,939,voat_detoxify_unbiased_all_posts_cringeanarchy_scores.csv
voat,fatpeoplehate,controversial,74806,74806,voat_detoxify_unbiased_all_posts_fatpeoplehate_scores.csv
voat,greatawakening,controversial,103156,103156,voat_detoxify_unbiased_all_posts_greatawakening_scores.csv
voat,mensrights,controversial,1725,1725,voat_detoxify_unbiased_all_posts_mensrights_scores.csv
voat,milliondollarextreme,controversial,7351,7351,voat_detoxify_unbiased_all_posts_milliondollarextreme_scores.csv
voat,kotakuinaction,controversial,2996,2996,voat_detoxify_unbiased_all_posts_kotakuinaction_scores.csv
voat,funny,normal,46762,46762,voat_detoxify_unbiased_all_posts_funny_scores.csv
voat,gaming,normal,28646,28646,voat_detoxify_unbiased_all_posts_gaming_scores.csv
voat,gifs,normal,8015,8015,voat_detoxify_unbiased_all_posts_gifs_scores.csv
voat,pics,normal,14862,14862,voat_detoxify_unbiased_all_posts_pics_scores.csv
voat,technology,normal,34678,34678,voat_detoxify_unbiased_all_posts_technology_scores.csv
voat,videos,normal,44791,44791,voat_detoxify_unbiased_all_posts_videos_scores.csv
